-- phpMyAdmin SQL Dump
-- version 5.2.1
-- https://www.phpmyadmin.net/
--
-- Host: localhost:3306
-- Generation Time: Jan 29, 2025 at 12:38 AM
-- Server version: 8.0.40-31
-- PHP Version: 8.3.15

SET SQL_MODE = "NO_AUTO_VALUE_ON_ZERO";
START TRANSACTION;
SET time_zone = "+00:00";


/*!40101 SET @OLD_CHARACTER_SET_CLIENT=@@CHARACTER_SET_CLIENT */;
/*!40101 SET @OLD_CHARACTER_SET_RESULTS=@@CHARACTER_SET_RESULTS */;
/*!40101 SET @OLD_COLLATION_CONNECTION=@@COLLATION_CONNECTION */;
/*!40101 SET NAMES utf8mb4 */;

--
-- Database: `omksyite_investmentdb`
--

-- --------------------------------------------------------

--
-- Table structure for table `Tickers`
--

CREATE TABLE `Tickers` (
  `TickerID` bigint NOT NULL,
  `UserName` varchar(255) DEFAULT NULL,
  `TickerName` varchar(255) NOT NULL,
  `EntryPrice` decimal(10,2) NOT NULL DEFAULT '0.00',
  `StopPercent` decimal(10,2) NOT NULL DEFAULT '0.00',
  `StopPrice` decimal(10,2) NOT NULL DEFAULT '0.00',
  `Target1` decimal(10,2) NOT NULL DEFAULT '0.00',
  `Target2` decimal(10,2) NOT NULL DEFAULT '0.00',
  `Target3` decimal(10,2) NOT NULL DEFAULT '0.00',
  `Target4` decimal(10,2) NOT NULL DEFAULT '0.00',
  `CreateDate` timestamp NOT NULL DEFAULT CURRENT_TIMESTAMP,
  `TickerStatus` varchar(255) DEFAULT NULL,
  `TickerNotes` text,
  `TrailStop` decimal(10,2) NOT NULL DEFAULT '0.00',
  `UpdateDate` timestamp NULL DEFAULT CURRENT_TIMESTAMP ON UPDATE CURRENT_TIMESTAMP,
  `ticker_type` varchar(100) NOT NULL DEFAULT 'Swing',
  `ticker_qty` int NOT NULL DEFAULT '0'
) ENGINE=InnoDB DEFAULT CHARSET=utf8mb3;

--
-- Dumping data for table `Tickers`
--

INSERT INTO `Tickers` (`TickerID`, `UserName`, `TickerName`, `EntryPrice`, `StopPercent`, `StopPrice`, `Target1`, `Target2`, `Target3`, `Target4`, `CreateDate`, `TickerStatus`, `TickerNotes`, `TrailStop`, `UpdateDate`, `ticker_type`, `ticker_qty`) VALUES
(252, 'Admin', 'ADMA', 19.49, 5.08, 18.50, 21.97, 23.45, 24.44, 26.42, '2024-12-11 14:28:23', 'Loss-Book', '', 0.00, '2024-12-12 20:46:04', 'Swing', 0),
(133, 'Admin', 'AFRM', 44.86, 6.10, 42.12, 53.07, 58.54, 64.02, 72.22, '2024-11-05 13:00:29', 'Profit-Book', '', 0.00, '2025-01-16 04:34:16', 'Swing', 0),
(285, 'Admin', 'AMBA', 74.82, 4.75, 71.27, 81.93, 85.48, 92.59, 99.70, '2025-01-14 14:00:13', 'Profit-Book', '', 0.00, '2025-01-21 14:42:03', 'Swing', 0),
(197, 'Admin', 'AMRX', 8.43, 3.45, 8.14, 9.30, 9.88, 10.47, 11.34, '2024-11-25 13:30:43', 'Profit-Book', 'Stop Loss booked', 0.00, '2024-12-12 18:19:35', 'Swing', 0),
(207, 'Admin', 'AMRX', 8.34, 3.48, 8.05, 9.21, 9.79, 10.37, 11.24, '2024-11-27 18:12:03', 'Loss-Book', '', 0.00, '2024-12-12 18:09:04', 'Swing', 0),
(92, 'Admin', 'AMSC', 23.00, 7.75, 21.22, 26.57, 30.13, 0.00, 0.00, '2024-10-25 12:06:17', 'Profit-Book', '', 0.00, '2025-01-16 04:37:15', 'Swing', 0),
(183, 'Admin', 'AMSC', 32.23, 8.85, 29.38, 40.79, 46.49, 52.20, 60.75, '2024-11-21 12:58:38', 'Inactive', '', 0.00, '2024-11-21 12:58:38', 'Swing', 0),
(96, 'Admin', 'AORT', 26.87, 3.00, 26.06, 28.48, 30.09, 0.00, 0.00, '2024-10-28 13:29:53', 'Inactive', '', 0.00, '2024-10-28 13:29:53', 'Swing', 0),
(108, 'Admin', 'AORT', 26.80, 3.05, 25.98, 28.43, 30.07, 0.00, 0.00, '2024-10-29 12:56:34', 'Inactive', '', 0.00, '2024-10-29 12:56:34', 'Swing', 0),
(109, 'Admin', 'AORT', 26.82, 3.00, 26.02, 29.23, 30.84, 32.45, 34.87, '2024-10-30 12:22:53', 'Active', '', 0.00, '2024-10-30 13:57:00', 'Swing', 0),
(180, 'Admin', 'AORT', 27.03, 3.35, 26.12, 29.75, 31.56, 33.37, 36.09, '2024-11-19 13:56:45', 'Inactive', '', 0.00, '2024-11-20 12:37:47', 'Swing', 0),
(32, 'Admin', 'ARIS', 17.25, 4.10, 16.54, 18.29, 19.32, 0.00, 0.00, '2024-10-11 16:12:43', 'Inactive', '', 0.00, '2024-10-11 21:12:43', 'Swing', 0),
(70, 'Admin', 'ARQT', 9.80, 6.35, 9.18, 11.04, 12.29, 0.00, 0.00, '2024-10-18 12:52:49', 'Inactive', '', 0.00, '2024-10-18 17:52:49', 'Swing', 0),
(270, 'Admin', 'ATAT', 27.68, 4.91, 26.32, 30.40, 31.76, 34.48, 37.19, '2024-12-17 14:41:52', 'Loss-Book', '', 0.00, '2025-01-16 04:25:49', 'Swing', 0),
(274, 'Admin', 'Atat', 27.76, 4.83, 26.42, 30.44, 31.78, 34.46, 37.15, '2025-01-06 12:54:45', 'Inactive', '', 0.00, '2025-01-06 12:54:45', 'Swing', 0),
(275, 'Admin', 'Atat', 27.76, 4.83, 26.42, 30.44, 31.78, 34.46, 37.15, '2025-01-06 19:00:16', 'Inactive', '', 0.00, '2025-01-06 19:00:16', 'Swing', 0),
(67, 'Admin', 'ATI', 63.45, 3.00, 61.55, 67.26, 71.06, 0.00, 0.00, '2024-10-17 12:22:32', 'Active', '', 0.00, '2024-10-17 17:22:32', 'Swing', 0),
(74, 'Admin', 'ATI', 63.67, 3.00, 61.76, 67.49, 71.31, 0.00, 0.00, '2024-10-21 12:22:35', 'Active', '', 0.00, '2024-10-22 04:00:11', 'Swing', 0),
(234, 'Admin', 'AUR', 6.06, 8.71, 5.53, 7.38, 8.17, 8.70, 9.75, '2024-12-04 13:51:50', 'Profit-Book', '', 0.00, '2024-12-09 14:14:26', 'Swing', 0),
(238, 'Admin', 'AUR', 6.23, 8.51, 5.70, 7.56, 8.35, 8.88, 9.94, '2024-12-05 13:46:55', 'Inactive', '', 0.00, '2024-12-05 13:46:55', 'Swing', 0),
(292, 'Admin', 'AUR', 7.17, 10.15, 6.44, 8.63, 9.35, 10.81, 12.26, '2025-01-21 13:30:55', 'Active', '', 0.00, '2025-01-21 14:46:05', 'Swing', 0),
(66, 'Admin', 'AVGO', 179.25, 4.10, 171.90, 193.95, 208.65, 0.00, 0.00, '2024-10-17 12:21:49', 'Inactive', '', 0.00, '2024-10-17 17:21:49', 'Swing', 0),
(107, 'Admin', 'AVGO', 174.00, 3.75, 167.47, 187.05, 200.10, 0.00, 0.00, '2024-10-29 12:55:55', 'Active', '', 0.00, '2024-10-29 14:25:01', 'Swing', 0),
(301, 'Admin', 'BAC', 46.73, 2.00, 45.80, 48.60, 49.53, 51.40, 53.27, '2025-01-23 14:25:18', 'Inactive', '', 0.00, '2025-01-23 14:25:18', 'Swing', 0),
(21, 'Admin', 'BANR', 58.70, 3.06, 56.90, 62.29, 65.88, 0.00, 0.00, '2024-10-09 03:55:50', 'Inactive', 'Entered 10/03\n10/16 - Target 2 Achieved', 0.00, '2024-10-21 18:57:10', 'Swing', 0),
(219, 'Admin', 'BCC', 148.29, 3.34, 143.34, 163.15, 173.05, 182.96, 197.82, '2024-12-02 14:01:24', 'Loss-Book', '', 0.00, '2024-12-12 18:06:58', 'Swing', 0),
(256, 'Admin', 'BCC', 144.58, 3.34, 139.75, 154.24, 159.07, 168.72, 178.38, '2024-12-12 14:20:08', 'Inactive', '', 0.00, '2024-12-12 14:20:08', 'Swing', 0),
(26, 'Admin', 'BEKE', 22.00, 6.00, 20.00, 23.00, 25.00, 0.00, 0.00, '2024-10-11 03:32:28', 'Inactive', '', 0.00, '2024-10-11 08:32:28', 'Swing', 0),
(169, 'Admin', 'BFH', 57.55, 4.20, 55.13, 64.80, 69.64, 74.47, 81.72, '2024-11-15 14:22:38', 'Active', '', 0.00, '2024-11-15 14:52:43', 'Swing', 0),
(184, 'Admin', 'BFH', 58.40, 4.03, 56.05, 65.46, 70.17, 74.87, 81.94, '2024-11-21 12:59:22', 'Inactive', '', 0.00, '2024-11-21 12:59:22', 'Swing', 0),
(191, 'Admin', 'BFH', 58.19, 4.10, 55.80, 65.35, 70.12, 74.89, 82.05, '2024-11-22 13:16:49', 'Inactive', '', 0.00, '2024-11-22 13:16:49', 'Swing', 0),
(87, 'Admin', 'BHE', 42.96, 3.05, 41.65, 45.58, 48.20, 0.00, 0.00, '2024-10-23 12:52:34', 'Active', '', 0.00, '2024-10-23 13:33:57', 'Swing', 0),
(91, 'Admin', 'BHE', 42.96, 3.05, 41.65, 45.58, 48.20, 0.00, 0.00, '2024-10-23 13:49:56', 'Inactive', '', 0.00, '2024-10-23 13:49:56', 'Swing', 0),
(101, 'Admin', 'BHE', 42.96, 3.05, 41.65, 45.58, 48.20, 0.00, 0.00, '2024-10-29 12:52:13', 'Inactive', '', 0.00, '2024-10-29 12:52:13', 'Swing', 0),
(49, 'Admin', 'BLDR', 196.16, 3.70, 188.90, 210.68, 225.19, 0.00, 0.00, '2024-10-14 12:08:38', 'Inactive', '', 0.00, '2024-10-21 14:45:35', 'Swing', 0),
(75, 'Admin', 'BLDR', 196.47, 3.35, 189.89, 209.63, 222.80, 0.00, 0.00, '2024-10-21 12:23:30', 'Inactive', '', 0.00, '2024-10-21 12:23:30', 'Swing', 0),
(76, 'Admin', 'BLND', 370.00, 6.70, 2.80, 3.40, 3.80, 0.00, 0.00, '2024-10-21 12:24:18', 'Inactive', '', 0.00, '2024-10-21 12:24:18', 'Swing', 0),
(293, 'Admin', 'BNTX', 114.74, 4.15, 109.98, 124.26, 129.03, 138.55, 148.07, '2025-01-21 13:34:26', 'Inactive', '', 0.00, '2025-01-21 13:34:26', 'Swing', 0),
(134, 'Admin', 'CADE', 33.25, 2.75, 32.34, 35.99, 37.82, 39.65, 42.39, '2024-11-05 13:01:36', 'Inactive', '', 0.00, '2024-11-05 13:01:36', 'Swing', 0),
(253, 'Admin', 'CART', 42.94, 3.82, 41.30, 47.04, 49.50, 51.14, 54.42, '2024-12-11 14:28:58', 'Inactive', '', 0.00, '2024-12-11 14:28:58', 'Swing', 0),
(19, 'Admin', 'CCS', 98.00, 3.30, 94.77, 104.47, 110.94, 0.00, 0.00, '2024-10-09 03:52:10', 'Active', 'Entered 10/08', 0.00, '2024-10-09 08:52:10', 'Swing', 0),
(135, 'Admin', 'CEK', 13.35, 3.10, 12.94, 14.59, 15.42, 16.25, 17.49, '2024-11-05 13:02:52', 'Inactive', '', 0.00, '2024-11-05 13:02:52', 'Swing', 0),
(302, 'Admin', 'CFR', 141.45, 2.45, 137.98, 151.85, 158.78, 165.71, 176.11, '2025-01-24 13:54:50', 'Active', '', 0.00, '2025-01-24 17:39:02', 'Swing', 0),
(170, 'Admin', 'CHEF', 42.31, 3.14, 40.98, 46.30, 48.95, 51.61, 55.60, '2024-11-15 14:23:10', 'Inactive', '', 0.00, '2024-11-15 14:23:10', 'Swing', 0),
(63, 'Admin', 'CHWY', 29.02, 5.00, 27.57, 31.92, 34.82, 0.00, 0.00, '2024-10-16 12:37:38', 'Active', '', 0.00, '2024-10-16 17:37:38', 'Swing', 0),
(244, 'Admin', 'CHWY', 32.02, 4.62, 30.54, 35.72, 37.94, 39.42, 42.38, '2024-12-09 14:11:15', 'Inactive', '', 0.00, '2024-12-09 14:11:15', 'Swing', 0),
(276, 'Admin', 'CLMT', 21.52, 5.65, 20.30, 23.95, 25.17, 27.60, 30.03, '2025-01-10 13:52:41', 'Profit-Book', 'Sold close to target 1', 0.00, '2025-01-16 04:19:29', 'Swing', 0),
(202, 'Admin', 'CNTA', 17.45, 6.60, 16.30, 20.91, 23.21, 25.51, 28.97, '2024-11-27 14:19:15', 'Profit-Book', '', 0.00, '2024-12-20 16:48:47', 'Swing', 0),
(235, 'Admin', 'CNTA', 17.56, 6.23, 16.47, 20.29, 21.94, 23.03, 25.22, '2024-12-04 13:52:21', 'Inactive', '', 0.00, '2024-12-04 13:52:21', 'Swing', 0),
(263, 'Admin', 'CNTA', 17.10, 6.08, 16.06, 19.18, 20.22, 22.30, 24.38, '2024-12-16 14:17:39', 'Inactive', '', 0.00, '2024-12-16 14:17:39', 'Swing', 0),
(203, 'Admin', 'COHR', 102.89, 4.86, 97.89, 117.89, 127.89, 137.89, 152.89, '2024-11-27 14:20:16', 'Inactive', '', 0.00, '2024-11-27 14:20:16', 'Swing', 0),
(213, 'Admin', 'COHR', 101.25, 4.90, 96.29, 116.13, 126.06, 135.98, 150.86, '2024-11-29 14:22:05', 'Inactive', '', 0.00, '2024-11-29 14:22:05', 'Swing', 0),
(214, 'Admin', 'COHR', 101.25, 4.90, 96.29, 116.13, 126.06, 135.98, 150.86, '2024-12-01 14:34:29', 'Inactive', '', 0.00, '2024-12-01 14:34:29', 'Swing', 0),
(218, 'Admin', 'COHR', 101.26, 4.83, 96.37, 115.93, 125.71, 135.50, 150.17, '2024-12-02 14:00:41', 'Profit-Book', '', 0.00, '2024-12-12 18:07:50', 'Swing', 0),
(286, 'Admin', 'COKE', 1258.00, 2.50, 1226.55, 1320.90, 1352.35, 1415.25, 1478.15, '2025-01-14 14:00:53', 'Inactive', '', 0.00, '2025-01-14 14:00:53', 'Swing', 0),
(42, 'Admin', 'COLL', 37.52, 4.10, 35.98, 39.77, 42.02, 0.00, 0.00, '2024-10-11 20:44:10', 'Inactive', '', 0.00, '2024-10-12 01:44:10', 'Swing', 0),
(220, 'Admin', 'COP', 198.31, 19.96, 158.73, 218.00, 228.00, 238.00, 248.00, '2024-12-02 14:14:07', 'Inactive', '', 0.00, '2024-12-02 14:49:40', 'Investment', 0),
(228, 'Admin', 'CPRT', 64.38, 21.58, 50.49, 70.82, 74.04, 78.98, 83.00, '2024-12-02 14:53:10', 'Inactive', '', 0.00, '2024-12-02 14:53:10', 'Investment', 0),
(222, 'Admin', 'CRM', 348.87, 17.70, 287.12, 384.00, 401.00, 425.00, 445.00, '2024-12-02 14:19:51', 'Active', '', 0.00, '2024-12-04 14:32:12', 'Investment', 0),
(190, 'Admin', 'DAKT', 14.62, 4.00, 14.04, 16.37, 17.54, 18.71, 20.47, '2024-11-22 13:15:39', 'Profit-Book', '', 0.00, '2024-12-02 22:10:43', 'Swing', 0),
(229, 'Admin', 'DASH', 181.30, 16.86, 150.74, 199.43, 208.50, 217.89, 228.45, '2024-12-02 14:53:56', 'Inactive', '', 0.00, '2024-12-02 14:53:56', 'Investment', 0),
(93, 'Admin', 'DAve', 41.25, 7.00, 38.36, 47.02, 52.80, 0.00, 0.00, '2024-10-25 12:08:05', 'Inactive', '', 0.00, '2024-10-25 12:08:05', 'Swing', 0),
(99, 'Admin', 'DAVE', 40.53, 6.90, 37.72, 46.11, 51.70, 0.00, 0.00, '2024-10-28 13:30:58', 'Inactive', '', 0.00, '2024-10-28 13:30:58', 'Swing', 0),
(100, 'Admin', 'DAVE', 40.53, 6.90, 37.72, 46.11, 51.70, 0.00, 0.00, '2024-10-28 14:09:19', 'Inactive', '', 0.00, '2024-10-28 14:09:19', 'Swing', 0),
(166, 'Admin', 'DDL', 4.08, 8.80, 3.72, 5.16, 5.88, 6.59, 7.67, '2024-11-13 15:52:18', 'Profit-Book', '', 0.00, '2025-01-16 04:32:45', 'Swing', 0),
(230, 'Admin', 'DDOG', 157.48, 24.07, 119.57, 173.23, 181.10, 189.23, 198.34, '2024-12-02 14:54:54', 'Active', '', 0.00, '2024-12-04 14:31:58', 'Investment', 0),
(65, 'Admin', 'DRS', 28.69, 3.20, 27.77, 30.53, 32.36, 0.00, 0.00, '2024-10-16 12:41:29', 'Active', '10/30 - Target 1 Achieved\n10/30 - Target 2 Achieved', 0.00, '2024-10-30 13:48:03', 'Swing', 0),
(79, 'Admin', 'DRS', 28.69, 3.20, 27.77, 30.53, 32.36, 35.12, 37.87, '2024-10-22 03:58:38', 'Active', 'Target 3 and 4 active', 0.00, '2024-10-30 13:49:39', 'Swing', 0),
(199, 'Admin', 'DY', 183.96, 4.49, 175.70, 208.74, 225.26, 241.78, 266.56, '2024-11-26 13:37:20', 'Inactive', '', 0.00, '2024-11-26 13:37:20', 'Swing', 0),
(290, 'Admin', 'EBAY', 65.57, 2.87, 63.69, 69.33, 71.22, 74.98, 78.74, '2025-01-16 12:43:58', 'Inactive', '', 0.00, '2025-01-16 12:43:58', 'Swing', 0),
(291, 'Admin', 'EBAY', 65.57, 2.87, 63.69, 69.33, 71.22, 74.98, 78.74, '2025-01-19 17:49:02', 'Inactive', '', 0.00, '2025-01-19 17:49:02', 'Swing', 0),
(297, 'Admin', 'EBAY', 65.06, 2.80, 63.24, 68.70, 70.53, 74.17, 77.81, '2025-01-23 14:18:27', 'Active', '', 0.00, '2025-01-23 18:24:56', 'Swing', 0),
(243, 'Admin', 'EBS', 9.40, 8.51, 8.60, 11.40, 12.60, 13.40, 15.00, '2024-12-06 15:29:49', 'Loss-Book', '', 0.00, '2024-12-12 18:06:28', 'Swing', 0),
(247, 'Admin', 'EBS', 9.54, 8.49, 8.73, 11.56, 12.78, 13.59, 15.21, '2024-12-09 14:12:47', 'Inactive', '', 0.00, '2024-12-09 14:12:47', 'Swing', 0),
(136, 'Admin', 'EFSC', 52.76, 2.70, 51.34, 57.03, 59.88, 62.73, 67.01, '2024-11-05 13:04:13', 'Inactive', '', 0.00, '2024-11-05 13:04:13', 'Swing', 0),
(157, 'Admin', 'EH', 17.40, 8.15, 15.98, 21.65, 24.49, 27.33, 31.58, '2024-11-12 13:56:04', 'Loss-Book', '', 0.00, '2025-01-16 04:33:50', 'Swing', 0),
(223, 'Admin', 'EMR', 134.18, 20.71, 106.39, 147.49, 154.00, 160.00, 165.00, '2024-12-02 14:20:21', 'Inactive', '', 0.00, '2024-12-02 14:48:37', 'Investment', 0),
(128, 'Admin', 'EXTR', 15.21, 3.80, 14.63, 16.94, 18.10, 19.26, 20.99, '2024-11-04 13:13:27', 'Profit-Book', 'Target 1 achieved', 0.00, '2024-12-05 03:13:17', 'Swing', 0),
(231, 'Admin', 'FAST', 84.88, 9.60, 76.73, 93.37, 97.61, 100.85, 104.80, '2024-12-02 14:55:49', 'Inactive', '', 0.00, '2024-12-02 14:55:49', 'Investment', 0),
(106, 'Admin', 'FN', 250.00, 4.00, 240.00, 270.00, 290.00, 0.00, 0.00, '2024-10-29 12:55:27', 'Inactive', '', 0.00, '2024-10-29 12:55:27', 'Swing', 0),
(105, 'Admin', 'FSM', 5.18, 4.65, 4.94, 5.66, 6.14, 0.00, 0.00, '2024-10-29 12:55:03', 'Active', '', 0.00, '2024-10-29 13:33:43', 'Swing', 0),
(151, 'Admin', 'FTEL', 32.40, 15.70, 27.31, 47.66, 57.83, 68.01, 83.27, '2024-11-11 13:04:23', 'Inactive', '', 0.00, '2024-11-11 13:04:23', 'Swing', 0),
(163, 'Admin', 'FTEL', 32.80, 15.45, 27.73, 48.00, 58.14, 68.27, 83.48, '2024-11-13 13:39:48', 'Inactive', '', 0.00, '2024-11-13 13:39:48', 'Swing', 0),
(164, 'Admin', 'FTEL', 32.80, 15.45, 27.73, 48.00, 58.14, 68.27, 83.48, '2024-11-13 15:43:26', 'Inactive', '', 0.00, '2024-11-13 15:43:26', 'Swing', 0),
(165, 'Admin', 'FTEL', 32.80, 15.45, 27.73, 48.00, 58.14, 68.27, 83.48, '2024-11-13 15:50:31', 'Inactive', '', 0.00, '2024-11-13 15:50:31', 'Swing', 0),
(283, 'Admin', 'FTNT', 95.67, 2.80, 92.99, 101.03, 103.71, 109.06, 114.42, '2025-01-13 14:23:02', 'Inactive', '', 0.00, '2025-01-13 14:23:02', 'Swing', 0),
(288, 'Admin', 'FTNT', 94.16, 2.75, 91.57, 99.34, 101.93, 107.11, 112.29, '2025-01-16 12:42:28', 'Active', '', 0.00, '2025-01-16 15:40:05', 'Swing', 0),
(59, 'Admin', 'GCI', 5.47, 5.55, 5.17, 6.08, 6.68, 0.00, 0.00, '2024-10-15 13:06:39', 'Active', 'Targets updated', 0.00, '2024-10-15 18:06:39', 'Swing', 0),
(77, 'Admin', 'GCI', 5.59, 5.30, 5.29, 6.18, 6.78, 0.00, 0.00, '2024-10-21 12:25:11', 'Inactive', '', 0.00, '2024-10-21 12:25:11', 'Swing', 0),
(126, 'Admin', 'GILD', 89.74, 8.70, 81.93, 98.71, 103.20, 108.00, 113.00, '2024-11-01 17:17:42', 'Profit-Book', 'Long Term Investment Trade', 0.00, '2025-01-16 04:35:35', 'Investment', 0),
(127, 'Admin', 'GILD', 89.74, 8.70, 81.93, 98.71, 103.20, 108.00, 113.00, '2024-11-01 17:18:59', 'Inactive', 'Long Term Investment Trade', 0.00, '2024-11-01 17:18:59', 'Investment', 0),
(224, 'Admin', 'GS', 612.73, 17.52, 505.38, 674.00, 704.00, 750.00, 780.00, '2024-12-02 14:20:53', 'Inactive', '', 0.00, '2024-12-02 14:48:00', 'Investment', 0),
(95, 'Admin', 'HAIN', 8.55, 4.50, 8.16, 9.31, 10.08, 0.00, 0.00, '2024-10-25 12:10:21', 'Inactive', '', 0.00, '2024-10-25 12:10:21', 'Swing', 0),
(298, 'Admin', 'HBI', 8.47, 3.85, 8.14, 9.12, 9.45, 10.10, 10.75, '2025-01-23 14:19:04', 'Active', '', 0.00, '2025-01-23 16:24:04', 'Swing', 0),
(140, 'Admin', 'HBM', 9.06, 3.65, 8.73, 10.05, 10.71, 11.37, 12.37, '2024-11-07 14:09:52', 'Inactive', '', 0.00, '2024-11-07 14:09:52', 'Swing', 0),
(179, 'Admin', 'HCC', 67.33, 4.10, 64.57, 75.61, 81.13, 86.65, 94.94, '2024-11-19 13:56:04', 'Inactive', '', 0.00, '2024-11-19 13:56:04', 'Swing', 0),
(217, 'Admin', 'HCC', 71.27, 3.96, 68.45, 79.74, 85.38, 91.03, 99.49, '2024-12-02 14:00:00', 'Loss-Book', '', 0.00, '2024-12-04 19:04:19', 'Swing', 0),
(161, 'Admin', 'HCI', 117.33, 4.40, 112.17, 132.82, 143.14, 153.47, 168.96, '2024-11-13 13:31:34', 'Inactive', '', 0.00, '2024-11-13 13:31:34', 'Swing', 0),
(147, 'Admin', 'HEAR', 16.57, 4.55, 15.82, 18.83, 20.34, 21.85, 24.11, '2024-11-08 13:41:18', 'Inactive', '', 0.00, '2024-11-08 13:41:18', 'Swing', 0),
(204, 'Admin', 'IAG', 5.38, 4.71, 5.13, 6.14, 6.65, 7.15, 7.91, '2024-11-27 14:20:45', 'Loss-Book', '', 0.00, '2024-12-20 16:47:43', 'Swing', 0),
(303, 'Admin', 'JOBY', 8.71, 9.00, 7.93, 10.28, 11.06, 12.63, 14.20, '2025-01-24 13:55:35', 'Active', '', 0.00, '2025-01-24 14:37:25', 'Swing', 0),
(146, 'Admin', 'JWN', 23.20, 3.20, 22.46, 25.43, 26.91, 28.40, 30.62, '2024-11-08 13:40:42', 'Inactive', '', 0.00, '2024-11-08 13:40:42', 'Swing', 0),
(281, 'Admin', 'KGS', 42.38, 3.20, 41.02, 45.09, 46.45, 49.16, 51.87, '2025-01-13 14:21:36', 'Profit-Book', 'Target 2 achieved', 0.00, '2025-01-16 04:18:47', 'Swing', 0),
(259, 'Admin', 'KTOS', 27.63, 3.62, 26.63, 29.63, 30.63, 32.63, 34.63, '2024-12-12 14:21:41', 'Inactive', '', 0.00, '2024-12-12 14:21:41', 'Swing', 0),
(80, 'Admin', 'KYMR', 46.56, 5.10, 44.19, 51.31, 56.06, 0.00, 0.00, '2024-10-22 13:11:36', 'Active', '', 0.00, '2024-10-22 13:47:46', 'Swing', 0),
(46, 'Admin', 'LBPH', 35.35, 8.50, 32.35, 41.36, 47.37, 0.00, 0.00, '2024-10-11 20:49:45', 'Active', '10/11 - Target 1 Achieved. Trailstop updated to 35.35.\n10/14 - 51% Profit, Exited 80% positions at $58.90', 35.35, '2024-10-12 01:49:45', 'Swing', 0),
(51, 'Admin', 'LMAT', 90.90, 2.90, 88.26, 96.35, 101.81, 0.00, 0.00, '2024-10-14 12:10:26', 'Inactive', '', 0.00, '2024-10-14 17:10:26', 'Swing', 0),
(28, 'Admin', 'LTH', 25.00, 4.00, 24.00, 26.00, 28.00, 0.00, 0.00, '2024-10-11 03:33:21', 'Inactive', '', 0.00, '2024-10-11 08:33:21', 'Swing', 0),
(200, 'Admin', 'LTH', 24.85, 3.22, 24.05, 27.25, 28.85, 30.45, 32.85, '2024-11-26 13:37:55', 'Inactive', '', 0.00, '2024-11-26 13:37:55', 'Swing', 0),
(94, 'Admin', 'LUMN', 6.36, 8.70, 5.81, 7.47, 8.57, 9.66, 10.74, '2024-10-25 12:09:01', 'Profit-Book', '', 7.47, '2025-01-16 04:37:30', 'Swing', 0),
(178, 'Admin', 'LX', 3.24, 8.75, 2.96, 4.09, 4.66, 5.22, 6.08, '2024-11-19 13:55:22', 'Inactive', '', 0.00, '2024-11-20 12:38:54', 'Swing', 0),
(232, 'Admin', 'MAR', 290.43, 14.94, 247.05, 319.47, 333.99, 340.00, 347.85, '2024-12-02 14:56:50', 'Active', '', 0.00, '2024-12-05 14:57:42', 'Investment', 0),
(44, 'Admin', 'MBC', 17.38, 3.50, 16.77, 18.42, 19.47, 0.00, 0.00, '2024-10-11 20:47:02', 'Inactive', '', 0.00, '2024-10-12 01:47:02', 'Swing', 0),
(181, 'Admin', 'MIRM', 42.88, 4.70, 40.86, 48.93, 52.96, 56.99, 63.03, '2024-11-20 12:42:00', 'Inactive', '', 0.00, '2024-11-20 12:42:00', 'Swing', 0),
(182, 'Admin', 'MIRM', 42.88, 4.70, 40.86, 48.93, 52.96, 56.99, 63.03, '2024-11-20 16:48:20', 'Active', '', 0.00, '2024-11-20 16:48:31', 'Swing', 0),
(248, 'Admin', 'MIRM', 45.25, 4.38, 43.27, 50.20, 53.18, 55.16, 59.12, '2024-12-09 14:13:22', 'Inactive', '', 0.00, '2024-12-09 14:13:22', 'Swing', 0),
(27, 'Admin', 'MLI', 72.00, 3.00, 69.00, 76.00, 80.00, 0.00, 0.00, '2024-10-11 03:32:52', 'Inactive', '', 0.00, '2024-10-11 08:32:52', 'Swing', 0),
(152, 'Admin', 'MMYT', 107.20, 4.80, 102.05, 122.64, 132.93, 143.22, 158.66, '2024-11-11 13:05:36', 'Inactive', '', 0.00, '2024-11-11 13:05:36', 'Swing', 0),
(162, 'Admin', 'MMYT', 106.85, 4.65, 101.88, 121.76, 131.69, 141.63, 156.54, '2024-11-13 13:34:00', 'Inactive', '', 0.00, '2024-11-13 13:34:00', 'Swing', 0),
(216, 'Admin', 'MOD', 137.41, 5.15, 130.33, 158.64, 172.79, 186.95, 208.18, '2024-12-02 13:59:08', 'Inactive', '', 0.00, '2024-12-02 14:04:10', 'Swing', 0),
(251, 'Admin', 'MOD', 133.49, 5.05, 126.75, 150.34, 160.45, 167.20, 180.68, '2024-12-11 14:27:53', 'Inactive', '', 0.00, '2024-12-11 14:27:53', 'Swing', 0),
(255, 'Admin', 'MOD', 135.16, 5.23, 128.09, 149.30, 156.37, 170.50, 184.64, '2024-12-12 14:19:09', 'Inactive', '', 0.00, '2024-12-12 14:19:09', 'Swing', 0),
(68, 'Admin', 'MPWR', 916.00, 4.10, 878.44, 991.11, 1066.22, 0.00, 0.00, '2024-10-17 12:23:15', 'Inactive', '', 0.00, '2024-10-17 17:23:15', 'Swing', 0),
(29, 'Admin', 'MRVL', 73.00, 4.00, 70.00, 77.00, 82.00, 0.00, 0.00, '2024-10-11 03:33:47', 'Inactive', '', 0.00, '2024-10-11 08:33:47', 'Swing', 0),
(69, 'Admin', 'MTSI', 115.80, 3.60, 111.63, 124.14, 132.48, 0.00, 0.00, '2024-10-17 12:24:09', 'Active', '', 0.00, '2024-10-17 17:24:09', 'Swing', 0),
(78, 'Admin', 'MTSI', 114.51, 3.52, 110.48, 122.57, 130.63, 0.00, 0.00, '2024-10-21 12:26:11', 'Inactive', '', 0.00, '2024-10-21 12:26:11', 'Swing', 0),
(82, 'Admin', 'MTSi', 114.20, 3.50, 110.20, 122.19, 130.19, 0.00, 0.00, '2024-10-22 13:13:02', 'Active', '', 0.00, '2024-10-22 17:47:24', 'Swing', 0),
(225, 'Admin', 'NFLX', 908.00, 18.47, 740.29, 998.80, 1044.20, 1100.00, 1160.00, '2024-12-02 14:29:22', 'Inactive', '', 0.00, '2024-12-02 14:29:22', 'Investment', 0),
(25, 'Admin', 'NMM', 62.00, 4.00, 60.00, 66.00, 70.00, 0.00, 0.00, '2024-10-11 03:31:53', 'Inactive', '', 0.00, '2024-10-11 08:31:53', 'Swing', 0),
(89, 'Admin', 'NMM', 59.51, 3.22, 57.59, 63.34, 67.17, 0.00, 0.00, '2024-10-23 12:58:57', 'Inactive', '', 0.00, '2024-10-23 12:58:57', 'Swing', 0),
(258, 'Admin', 'NMRK', 15.17, 3.16, 14.69, 16.13, 16.61, 17.57, 18.53, '2024-12-12 14:21:09', 'Inactive', '', 0.00, '2024-12-12 14:21:09', 'Swing', 0),
(262, 'Admin', 'NMRK', 15.17, 3.23, 14.69, 16.15, 16.64, 17.62, 18.60, '2024-12-13 14:29:24', 'Inactive', '', 0.00, '2024-12-13 14:29:52', 'Swing', 0),
(209, 'Admin', 'NNE', 27.32, 16.41, 22.84, 40.77, 49.74, 58.70, 72.15, '2024-11-29 14:19:38', 'Inactive', '', 0.00, '2024-11-29 14:19:38', 'Swing', 0),
(245, 'Admin', 'NNE', 27.35, 15.10, 23.22, 37.67, 43.87, 48.00, 56.26, '2024-12-09 14:11:44', 'Inactive', '', 0.00, '2024-12-09 14:11:44', 'Swing', 0),
(266, 'Admin', 'NNE', 24.98, 14.33, 21.40, 32.14, 35.72, 42.88, 50.04, '2024-12-16 14:19:13', 'Profit-Book', 'Target 1 achieved on 01/06', 0.00, '2025-01-16 04:24:58', 'Swing', 0),
(54, 'Admin', 'NRG', 90.70, 1.20, 89.61, 96.14, 101.58, 0.00, 0.00, '2024-10-14 13:37:28', 'Inactive', '10/14 - Keeping Aggressive SL\nSL hit @ 89.61', 0.00, '2024-10-14 18:37:28', 'Swing', 0),
(130, 'Admin', 'NRIX', 24.76, 5.75, 23.34, 29.03, 31.88, 34.73, 39.00, '2024-11-04 13:14:50', 'Inactive', '', 0.00, '2024-11-04 13:14:50', 'Swing', 0),
(205, 'Admin', 'OKLO', 24.09, 14.34, 20.64, 34.45, 41.36, 48.27, 58.64, '2024-11-27 14:21:18', 'Inactive', '', 0.00, '2024-11-27 14:21:18', 'Swing', 0),
(212, 'Admin', 'OKLO', 23.00, 14.14, 19.75, 32.76, 39.26, 45.77, 55.52, '2024-11-29 14:21:23', 'Loss-Book', '', 0.00, '2024-12-12 18:08:19', 'Swing', 0),
(53, 'Admin', 'ONON', 50.30, 3.85, 48.36, 53.32, 56.34, 0.00, 0.00, '2024-10-14 12:12:46', 'Inactive', '', 0.00, '2024-10-14 17:12:46', 'Swing', 0),
(116, 'Admin', 'ONON', 49.71, 3.68, 47.88, 55.20, 58.86, 62.52, 68.00, '2024-10-31 12:33:14', 'Inactive', '', 0.00, '2024-10-31 12:33:14', 'Swing', 0),
(18, 'Admin', 'OSIS', 146.46, 2.60, 142.65, 154.08, 161.69, 0.00, 0.00, '2024-10-08 17:22:07', 'Active', '', 0.00, '2024-10-08 17:22:07', 'Swing', 0),
(24, 'Admin', 'PAAS', 22.39, 3.90, 21.52, 24.14, 25.88, 0.00, 0.00, '2024-10-10 17:28:25', 'Profit-Book', 'Re-Entry Pass 10/18\nTarget 1 achieved for Entry given on 10/10 ', 0.00, '2025-01-16 04:36:54', 'Swing', 0),
(73, 'Admin', 'PAAS', 22.39, 3.90, 21.52, 24.14, 25.88, 0.00, 0.00, '2024-10-18 16:44:23', 'Inactive', 'Re-Entry Pass 10/18', 0.00, '2024-10-18 16:44:23', 'Swing', 0),
(141, 'Admin', 'PAAS', 22.88, 4.15, 21.93, 25.73, 27.63, 29.53, 32.38, '2024-11-07 14:10:42', 'Profit-Book', '', 0.00, '2025-01-16 04:34:03', 'Swing', 0),
(88, 'Admin', 'PACS', 41.15, 3.60, 39.67, 44.11, 47.08, 0.00, 0.00, '2024-10-23 12:53:49', 'Inactive', '', 0.00, '2024-10-23 12:53:49', 'Swing', 0),
(90, 'Admin', 'PACS', 41.15, 3.60, 39.67, 44.11, 47.08, 0.00, 0.00, '2024-10-23 13:37:37', 'Active', '', 0.00, '2024-10-23 13:48:57', 'Swing', 0),
(299, 'Admin', 'PAYO', 10.42, 3.32, 10.07, 11.11, 11.46, 12.15, 12.84, '2025-01-23 14:19:40', 'Inactive', '', 0.00, '2025-01-23 14:19:40', 'Swing', 0),
(278, 'Admin', 'PLSE', 18.46, 7.50, 17.08, 22.61, 25.38, 28.15, 32.30, '2025-01-10 13:53:54', 'Active', '', 0.00, '2025-01-10 18:09:29', 'Swing', 0),
(294, 'Admin', 'PLSE', 18.48, 7.00, 17.19, 21.07, 22.36, 24.95, 27.54, '2025-01-21 13:35:46', 'Inactive', '', 0.00, '2025-01-21 13:35:46', 'Swing', 0),
(83, 'Admin', 'POET', 4.17, 10.10, 3.75, 5.01, 5.85, 0.00, 0.00, '2024-10-22 13:13:44', 'Inactive', '', 0.00, '2024-10-22 13:13:44', 'Swing', 0),
(86, 'Admin', 'POET', 4.04, 10.00, 3.64, 4.85, 5.66, 0.00, 0.00, '2024-10-23 12:51:42', 'Inactive', '', 0.00, '2024-10-23 12:51:42', 'Swing', 0),
(104, 'Admin', 'POET', 3.95, 9.50, 3.57, 4.70, 5.45, 0.00, 0.00, '2024-10-29 12:54:35', 'Inactive', '', 0.00, '2024-10-29 12:54:35', 'Swing', 0),
(272, 'Admin', 'POET', 4.69, 10.02, 4.22, 5.63, 6.10, 7.04, 7.98, '2024-12-18 14:43:41', 'Profit-Book', 'Target 3 achieved on 12/26', 0.00, '2025-01-16 04:21:06', 'Swing', 0),
(254, 'Admin', 'PRGS', 68.84, 1.93, 67.51, 72.16, 74.15, 75.48, 78.14, '2024-12-11 14:29:23', 'Loss-Book', '', 0.00, '2025-01-16 04:27:33', 'Swing', 0),
(265, 'Admin', 'PRM', 12.98, 3.41, 12.46, 14.31, 15.19, 16.08, 17.41, '2024-12-16 14:18:57', 'Loss-Book', 'Taking these positions out and entering DOYU and WAFD', 0.00, '2025-01-16 04:26:27', 'Swing', 0),
(282, 'Admin', 'PSNL', 5.65, 10.80, 5.04, 6.87, 7.48, 8.70, 9.92, '2025-01-13 14:22:27', 'Inactive', '', 0.00, '2025-01-13 14:22:27', 'Swing', 0),
(295, 'Admin', 'PSNL', 5.05, 10.50, 4.52, 6.11, 6.64, 7.70, 8.76, '2025-01-21 13:37:30', 'Profit-Book', '', 0.00, '2025-01-23 17:45:03', 'Swing', 0),
(56, 'Admin', 'PTCT', 39.24, 5.00, 37.28, 43.16, 47.09, 0.00, 0.00, '2024-10-14 13:46:49', 'Active', 'Entered 10/14 @ 39.25', 0.00, '2024-10-14 18:46:49', 'Swing', 0),
(131, 'Admin', 'PTCT', 40.76, 4.75, 38.82, 46.57, 50.44, 54.31, 60.12, '2024-11-04 13:15:42', 'Active', '', 0.00, '2024-11-04 14:59:46', 'Swing', 0),
(306, 'Admin', 'PYPL', 89.80, 2.75, 87.33, 94.74, 97.21, 102.15, 107.09, '2025-01-24 14:16:07', 'Active', '', 0.00, '2025-01-24 17:38:24', 'Swing', 0),
(273, 'Admin', 'Qnst', 23.92, 4.56, 22.83, 26.10, 27.19, 29.37, 31.56, '2025-01-06 12:54:13', 'Inactive', '', 0.00, '2025-01-06 12:54:13', 'Swing', 0),
(279, 'Admin', 'QNST', 22.60, 4.55, 21.57, 24.66, 25.68, 27.74, 29.80, '2025-01-10 13:54:29', 'Inactive', '', 0.00, '2025-01-10 13:54:29', 'Swing', 0),
(142, 'Admin', 'QTTB', 49.44, 7.55, 45.71, 60.64, 68.10, 75.57, 86.77, '2024-11-07 14:14:38', 'Loss-Book', '', 0.00, '2025-01-16 04:34:28', 'Swing', 0),
(31, 'Admin', 'RDNT', 65.91, 2.30, 64.39, 68.94, 71.97, 0.00, 0.00, '2024-10-11 16:12:15', 'Active', 'Re-entry 10/11, 10/14 - Target 1 Achieved and Trail Stop updated', 68.35, '2024-10-11 21:12:15', 'Swing', 0),
(149, 'Admin', 'RDWR', 22.27, 3.90, 21.40, 24.88, 26.61, 28.35, 30.96, '2024-11-08 13:43:03', 'Inactive', '', 0.00, '2024-11-08 13:43:03', 'Swing', 0),
(158, 'Admin', 'RDWR', 22.39, 3.79, 21.54, 24.94, 26.63, 28.33, 30.88, '2024-11-12 13:59:52', 'Profit-Book', '', 0.00, '2025-01-16 04:31:51', 'Swing', 0),
(97, 'Admin', 'RNA', 46.30, 5.35, 43.82, 51.25, 56.21, 0.00, 0.00, '2024-10-28 13:30:17', 'Active', '', 0.00, '2024-10-28 14:08:28', 'Swing', 0),
(103, 'Admin', 'RNA', 46.65, 5.25, 44.20, 51.55, 56.45, 0.00, 0.00, '2024-10-29 12:54:07', 'Inactive', '', 0.00, '2024-10-29 12:54:07', 'Swing', 0),
(110, 'Admin', 'RNA', 45.67, 5.20, 43.30, 52.79, 57.54, 62.29, 69.42, '2024-10-30 12:23:24', 'Active', '', 0.00, '2024-11-11 18:38:31', 'Swing', 0),
(195, 'Admin', 'RNA', 44.03, 6.27, 41.27, 52.31, 57.83, 63.35, 71.64, '2024-11-25 13:29:18', 'Inactive', '', 0.00, '2024-11-25 13:29:18', 'Swing', 0),
(112, 'Admin', 'RRX', 169.98, 3.05, 164.80, 185.53, 195.90, 206.27, 221.82, '2024-10-30 12:24:40', 'Inactive', '', 0.00, '2024-10-30 12:24:40', 'Swing', 0),
(113, 'Admin', 'RRX', 169.98, 3.05, 164.80, 185.53, 195.90, 206.27, 221.82, '2024-10-30 13:44:48', 'Active', '', 0.00, '2024-10-30 13:55:08', 'Swing', 0),
(156, 'Admin', 'RRX', 177.96, 3.67, 171.43, 197.55, 210.62, 223.68, 243.27, '2024-11-12 13:55:08', 'Inactive', '', 0.00, '2024-11-12 13:55:08', 'Swing', 0),
(168, 'Admin', 'RRX', 175.00, 3.48, 168.91, 193.27, 205.45, 217.63, 235.90, '2024-11-15 14:21:40', 'Inactive', '', 0.00, '2024-11-15 14:21:40', 'Swing', 0),
(177, 'Admin', 'RRX', 172.25, 3.45, 166.31, 190.08, 201.96, 213.85, 231.68, '2024-11-19 13:54:42', 'Inactive', '', 0.00, '2024-11-20 12:40:35', 'Swing', 0),
(250, 'Admin', 'RRX', 172.90, 3.22, 167.34, 186.82, 195.17, 200.74, 211.87, '2024-12-10 14:32:08', 'Inactive', '', 0.00, '2024-12-10 14:32:08', 'Swing', 0),
(132, 'Admin', 'RSI', 11.05, 4.20, 10.59, 12.44, 13.37, 14.30, 15.69, '2024-11-04 13:16:39', 'Inactive', '', 0.00, '2024-11-04 13:16:39', 'Swing', 0),
(148, 'Admin', 'RSI', 11.16, 4.60, 10.65, 12.70, 13.73, 14.75, 16.29, '2024-11-08 13:42:07', 'Inactive', '', 0.00, '2024-11-08 13:42:07', 'Swing', 0),
(153, 'Admin', 'RSI', 10.93, 4.60, 10.43, 12.44, 13.44, 14.45, 15.96, '2024-11-11 13:07:02', 'Inactive', '', 0.00, '2024-11-11 13:07:02', 'Swing', 0),
(176, 'Admin', 'RSI', 11.31, 4.68, 10.78, 12.90, 13.96, 15.02, 16.60, '2024-11-19 13:54:02', 'Profit-Book', '', 0.00, '2024-12-20 16:50:50', 'Swing', 0),
(154, 'Admin', 'RXO', 30.00, 3.90, 28.83, 33.51, 35.85, 38.19, 41.70, '2024-11-11 13:08:13', 'Inactive', '', 0.00, '2024-11-12 16:24:15', 'Swing', 0),
(246, 'Admin', 'RXO', 29.27, 3.59, 28.22, 31.90, 33.47, 34.52, 36.63, '2024-12-09 14:12:09', 'Inactive', '', 0.00, '2024-12-09 14:12:09', 'Swing', 0),
(102, 'Admin', 'RYTM', 49.97, 4.00, 47.97, 53.97, 57.97, 0.00, 0.00, '2024-10-29 12:53:17', 'Inactive', '', 0.00, '2024-10-29 12:53:17', 'Swing', 0),
(111, 'Admin', 'RYTM', 49.67, 4.00, 47.68, 55.63, 59.60, 63.58, 69.54, '2024-10-30 12:24:03', 'Inactive', '', 0.00, '2024-10-30 12:24:03', 'Swing', 0),
(115, 'Admin', 'RYTM', 49.73, 3.85, 47.82, 55.47, 59.30, 63.13, 68.88, '2024-10-31 12:32:23', 'Inactive', '', 0.00, '2024-10-31 12:32:23', 'Swing', 0),
(188, 'Admin', 'SBH', 13.19, 4.12, 12.65, 14.82, 15.91, 16.99, 18.62, '2024-11-21 13:33:45', 'Inactive', '', 0.00, '2024-11-21 13:33:45', 'Swing', 0),
(189, 'Admin', 'SBH', 13.19, 4.12, 12.65, 14.82, 15.91, 16.99, 18.62, '2024-11-21 13:45:22', 'Inactive', '', 0.00, '2024-11-21 13:45:22', 'Swing', 0),
(192, 'Admin', 'SBH', 13.18, 4.06, 12.64, 14.79, 15.86, 16.93, 18.53, '2024-11-22 13:17:30', 'Inactive', '', 0.00, '2024-11-22 15:10:50', 'Swing', 0),
(196, 'Admin', 'SBH', 13.21, 4.01, 12.68, 14.80, 15.86, 16.92, 18.51, '2024-11-25 13:29:54', 'Inactive', '', 0.00, '2024-11-25 13:29:54', 'Swing', 0),
(60, 'Admin', 'SHAK', 108.31, 4.00, 103.98, 116.97, 125.64, 0.00, 0.00, '2024-10-15 13:07:34', 'Active', 'Targets updated', 0.00, '2024-10-15 18:07:34', 'Swing', 0),
(81, 'Admin', 'SMTC', 44.40, 5.30, 42.05, 49.11, 53.81, 0.00, 0.00, '2024-10-22 13:12:20', 'Profit-Book', '', 0.00, '2025-01-16 04:37:48', 'Swing', 0),
(98, 'Admin', 'SPHR', 44.90, 4.45, 42.90, 48.90, 52.89, 0.00, 0.00, '2024-10-28 13:30:34', 'Active', '', 0.00, '2024-10-28 15:22:32', 'Swing', 0),
(114, 'Admin', 'SPRY', 15.21, 5.90, 14.31, 17.90, 19.70, 21.49, 24.18, '2024-10-30 14:20:31', 'Active', '', 0.00, '2024-10-30 14:20:39', 'Swing', 0),
(304, 'Admin', 'STT', 98.60, 2.20, 96.43, 102.94, 105.11, 109.45, 113.78, '2025-01-24 13:56:13', 'Inactive', '', 0.00, '2025-01-24 13:56:13', 'Swing', 0),
(129, 'Admin', 'TBBB', 32.14, 3.70, 30.95, 35.71, 38.09, 40.46, 44.03, '2024-11-04 13:14:06', 'Active', '', 0.00, '2024-11-04 14:44:15', 'Swing', 0),
(138, 'Admin', 'TBBB', 32.43, 3.65, 31.25, 35.98, 38.35, 40.72, 44.27, '2024-11-05 13:06:24', 'Active', '', 0.00, '2024-11-05 14:59:00', 'Swing', 0),
(40, 'Admin', 'TBBK', 53.05, 3.70, 51.09, 56.98, 60.90, 0.00, 0.00, '2024-10-11 20:41:05', 'Active', '10/14 - Target 1 achieved', 0.00, '2024-10-12 01:41:05', 'Swing', 0),
(155, 'Admin', 'TBBK', 55.25, 4.55, 52.74, 62.79, 67.82, 72.85, 80.39, '2024-11-11 13:09:41', 'Inactive', '', 0.00, '2024-11-11 13:09:41', 'Swing', 0),
(267, 'Admin', 'TBBK', 56.40, 3.83, 54.24, 60.72, 62.88, 67.20, 71.52, '2024-12-16 14:21:08', 'Inactive', '', 0.00, '2024-12-16 14:21:08', 'Swing', 0),
(210, 'Admin', 'TCOM', 64.21, 3.55, 61.93, 71.05, 75.61, 80.17, 87.00, '2024-11-29 14:20:09', 'Inactive', '', 0.00, '2024-11-29 14:20:09', 'Swing', 0),
(240, 'Admin', 'TEM', 60.20, 11.11, 53.51, 76.92, 86.95, 93.64, 107.02, '2024-12-05 13:49:32', 'Inactive', '', 0.00, '2024-12-05 13:49:32', 'Swing', 0),
(143, 'Admin', 'TFPM', 17.44, 3.00, 16.92, 19.01, 20.06, 21.10, 22.67, '2024-11-07 14:16:01', 'Inactive', '', 0.00, '2024-11-12 16:24:50', 'Swing', 0),
(167, 'Admin', 'TFPM', 16.48, 3.28, 15.94, 18.10, 19.18, 20.26, 21.89, '2024-11-14 14:53:34', 'Active', '', 0.00, '2024-11-14 14:56:10', 'Swing', 0),
(120, 'Admin', 'TPC', 26.97, 5.00, 25.62, 31.02, 33.71, 36.41, 40.45, '2024-10-31 12:37:15', 'Inactive', '', 0.00, '2024-10-31 12:37:15', 'Swing', 0),
(121, 'Admin', 'TPC', 26.97, 5.00, 25.62, 31.02, 33.71, 36.41, 40.45, '2024-10-31 12:39:45', 'Inactive', '', 0.00, '2024-10-31 12:39:45', 'Swing', 0),
(122, 'Admin', 'TPC', 26.97, 5.00, 25.62, 31.02, 33.71, 36.41, 40.45, '2024-10-31 14:05:29', 'Inactive', '', 0.00, '2024-10-31 14:05:29', 'Swing', 0),
(171, 'Admin', 'TRUP', 53.29, 5.46, 50.38, 62.02, 67.84, 73.66, 82.39, '2024-11-15 14:23:48', 'Inactive', '', 0.00, '2024-11-15 14:23:48', 'Swing', 0),
(172, 'Admin', 'TRUP', 53.29, 5.46, 50.38, 62.02, 67.84, 73.66, 82.39, '2024-11-15 16:50:51', 'Inactive', '', 0.00, '2024-11-15 16:50:51', 'Swing', 0),
(173, 'Admin', 'TRUP', 53.29, 5.46, 50.38, 62.02, 67.84, 73.66, 82.39, '2024-11-16 03:51:30', 'Inactive', '', 0.00, '2024-11-16 03:51:30', 'Swing', 0),
(215, 'Admin', 'TRUP', 53.71, 5.49, 50.76, 62.56, 68.45, 74.35, 83.20, '2024-12-02 13:58:15', 'Inactive', '', 0.00, '2024-12-02 14:04:25', 'Swing', 0),
(233, 'Admin', 'TRUP', 53.67, 5.48, 50.73, 61.02, 65.43, 68.38, 74.26, '2024-12-03 13:57:35', 'Inactive', '', 0.00, '2024-12-03 13:57:35', 'Swing', 0),
(198, 'Admin', 'TSEM', 48.53, 3.82, 46.68, 54.09, 57.80, 61.51, 67.07, '2024-11-25 13:31:12', 'Profit-Book', '', 0.00, '2024-12-20 16:50:02', 'Swing', 0),
(226, 'Admin', 'TSLA', 361.93, 34.66, 236.49, 398.12, 416.22, 434.12, 449.34, '2024-12-02 14:50:55', 'Profit-Book', '', 0.00, '2024-12-12 14:22:24', 'Investment', 0),
(117, 'Admin', 'TSM', 195.47, 3.40, 188.82, 215.41, 228.70, 241.99, 261.93, '2024-10-31 12:34:09', 'Inactive', '', 0.00, '2024-10-31 12:34:09', 'Swing', 0),
(144, 'Admin', 'TSM', 194.26, 3.38, 187.69, 213.96, 227.09, 240.22, 259.92, '2024-11-07 14:19:58', 'Inactive', '', 0.00, '2024-11-07 14:19:58', 'Swing', 0),
(201, 'Admin', 'TVTX', 18.73, 6.14, 17.58, 22.18, 24.48, 26.78, 30.23, '2024-11-26 13:38:38', 'Loss-Book', 'Buying half quantity', 0.00, '2024-12-12 18:18:24', 'Swing', 0),
(305, 'Admin', 'TWLO', 113.45, 3.40, 109.59, 121.16, 125.02, 132.74, 140.45, '2025-01-24 13:57:29', 'Inactive', '', 0.00, '2025-01-24 13:57:29', 'Swing', 0),
(211, 'Admin', 'UEC', 8.34, 6.27, 7.82, 9.91, 10.95, 12.00, 13.57, '2024-11-29 14:20:46', 'Inactive', '', 0.00, '2024-11-29 14:20:46', 'Swing', 0),
(237, 'Admin', 'UEC', 8.28, 6.19, 7.77, 9.56, 10.33, 10.84, 11.87, '2024-12-04 13:53:21', 'Inactive', '', 0.00, '2024-12-04 13:53:21', 'Swing', 0),
(187, 'Admin', 'UNIT', 5.79, 4.42, 5.53, 6.56, 7.07, 7.58, 8.35, '2024-11-21 13:32:51', 'Inactive', '', 0.00, '2024-11-21 13:32:51', 'Swing', 0),
(20, 'Admin', 'USM', 56.18, 3.10, 54.44, 59.66, 63.15, 0.00, 0.00, '2024-10-09 03:54:57', 'Profit-Book', 'Entered 09/25\n10/16 - Target 1 Achieved', 0.00, '2025-01-16 04:38:14', 'Swing', 0),
(300, 'Admin', 'USM', 64.15, 2.80, 62.35, 67.74, 69.54, 73.13, 76.72, '2025-01-23 14:21:09', 'Inactive', '', 0.00, '2025-01-23 14:21:09', 'Swing', 0),
(186, 'Admin', 'VERA', 46.46, 6.04, 43.65, 54.88, 60.49, 66.10, 74.52, '2024-11-21 13:07:19', 'Active', '', 0.00, '2024-11-21 14:48:06', 'Swing', 0),
(119, 'Admin', 'VIST', 51.25, 4.16, 49.12, 57.65, 61.91, 66.17, 72.57, '2024-10-31 12:36:33', 'Inactive', '', 0.00, '2024-10-31 12:36:33', 'Swing', 0),
(159, 'Admin', 'VIST', 48.10, 3.98, 46.19, 53.84, 57.67, 61.50, 67.24, '2024-11-13 13:30:07', 'Profit-Book', '', 0.00, '2024-12-10 14:39:58', 'Swing', 0),
(145, 'Admin', 'VKTX', 66.38, 7.15, 61.63, 80.62, 90.11, 99.60, 113.84, '2024-11-07 14:21:07', 'Inactive', '', 0.00, '2024-11-12 16:25:22', 'Swing', 0),
(261, 'Admin', 'VNET', 4.17, 8.15, 3.83, 4.85, 5.19, 5.87, 6.55, '2024-12-13 14:28:33', 'Inactive', '', 0.00, '2024-12-13 14:28:33', 'Swing', 0),
(268, 'Admin', 'VNET', 4.11, 7.79, 3.79, 4.75, 5.07, 5.71, 6.35, '2024-12-16 14:21:53', 'Inactive', '', 0.00, '2024-12-16 14:21:53', 'Swing', 0),
(269, 'Admin', 'WAFD', 35.65, 2.78, 34.66, 37.63, 38.62, 40.61, 42.59, '2024-12-17 14:40:53', 'Loss-Book', '', 0.00, '2024-12-20 16:27:40', 'Swing', 0),
(227, 'Admin', 'WFC', 78.13, 20.11, 62.42, 85.94, 89.85, 94.90, 99.13, '2024-12-02 14:52:01', 'Inactive', '', 0.00, '2024-12-02 14:52:01', 'Investment', 0),
(84, 'Admin', 'WHD', 60.38, 3.40, 58.33, 64.49, 68.59, 0.00, 0.00, '2024-10-22 13:14:27', 'Inactive', '', 0.00, '2024-10-22 13:14:27', 'Swing', 0),
(85, 'Admin', 'WHD', 60.14, 3.30, 58.16, 64.11, 68.08, 0.00, 0.00, '2024-10-23 12:50:59', 'Inactive', '', 0.00, '2024-10-23 12:50:59', 'Swing', 0),
(45, 'Admin', 'WING', 402.48, 3.30, 389.20, 426.63, 450.78, 0.00, 0.00, '2024-10-11 20:48:38', 'Inactive', '', 0.00, '2024-10-12 01:48:38', 'Swing', 0),
(137, 'Admin', 'WIX', 165.16, 3.25, 159.79, 181.26, 192.00, 202.73, 218.84, '2024-11-05 13:05:28', 'Inactive', '', 0.00, '2024-11-05 13:05:28', 'Swing', 0),
(280, 'Admin', 'WLFC', 212.70, 5.64, 200.70, 236.69, 248.69, 272.68, 296.67, '2025-01-10 13:55:34', 'Inactive', '', 0.00, '2025-01-10 13:55:34', 'Swing', 0),
(125, 'Admin', 'WRBY', 17.27, 4.50, 16.49, 19.60, 21.16, 22.71, 25.04, '2024-11-01 13:45:13', 'Profit-Book', 'WRBY target 1 achieved 11/06. Trailstop updated', 17.27, '2025-01-16 04:35:50', 'Swing', 0),
(33, 'Admin', 'WTTR', 11.00, 4.00, 10.56, 11.88, 12.76, 0.00, 0.00, '2024-10-11 16:13:18', 'Active', 'Entered at 11.38', 0.00, '2024-10-11 21:13:18', 'Swing', 0),
(139, 'Admin', 'WULF', 6.18, 10.10, 5.56, 8.05, 9.30, 10.55, 12.42, '2024-11-05 13:07:20', 'Active', '', 0.00, '2024-11-05 14:38:44', 'Swing', 0),
(150, 'Admin', 'WULF', 6.18, 10.10, 5.56, 8.05, 9.30, 10.55, 12.42, '2024-11-08 14:31:11', 'Inactive', '', 0.00, '2024-11-08 14:31:11', 'Swing', 0),
(174, 'Admin', 'WULF', 6.18, 10.10, 5.56, 8.05, 9.30, 10.55, 12.42, '2024-11-17 16:16:40', 'Inactive', '', 0.00, '2024-11-17 16:16:40', 'Swing', 0),
(241, 'Admin', 'WVE', 14.64, 6.96, 13.62, 17.70, 19.73, 21.77, 24.83, '2024-12-05 13:50:02', 'Inactive', '', 0.00, '2024-12-06 14:27:35', 'Swing', 0),
(185, 'Admin', 'XPEV', 12.97, 7.24, 12.03, 15.79, 17.67, 19.54, 22.36, '2024-11-21 13:06:25', 'Inactive', '', 0.00, '2024-11-21 13:06:25', 'Swing', 0),
(193, 'Admin', 'XPEV', 11.65, 1.20, 11.51, 12.07, 12.35, 12.63, 13.05, '2024-11-22 13:18:11', 'Profit-Book', 'I entered at 11.75. Aggressive entry though to reduce the SL I.e. 11.51', 0.00, '2024-12-12 18:09:52', 'Swing', 0),
(260, 'Admin', 'XPEV', 12.93, 6.65, 12.07, 14.65, 15.51, 17.23, 18.95, '2024-12-13 14:28:02', 'Inactive', '', 0.00, '2024-12-13 14:28:02', 'Swing', 0),
(71, 'Admin', 'ZIM', 21.20, 6.00, 19.93, 23.74, 26.29, 0.00, 0.00, '2024-10-18 12:53:26', 'Active', '10/20 - Target 1 achieve. SL moved to buying price', 0.00, '2024-10-21 18:54:09', 'Swing', 0),
(160, 'Admin', 'ZIM', 24.20, 5.10, 22.97, 27.90, 30.37, 32.84, 36.54, '2024-11-13 13:30:44', 'Inactive', '', 0.00, '2024-11-13 13:30:44', 'Swing', 0),
(194, 'Admin', 'ZIM', 25.02, 6.31, 23.44, 29.76, 32.91, 36.07, 40.81, '2024-11-25 13:28:53', 'Inactive', '', 0.00, '2024-11-25 13:28:53', 'Swing', 0),
(52, 'Admin', 'ZVRA', 8.20, 7.50, 7.58, 8.69, 9.18, 0.00, 0.00, '2024-10-14 12:11:37', 'Inactive', '', 0.00, '2024-10-14 17:11:37', 'Swing', 0),
(175, 'Admin', 'ZVRA', 8.69, 6.20, 8.15, 10.31, 11.38, 12.46, 14.08, '2024-11-19 13:53:32', 'Profit-Book', '', 0.00, '2024-12-20 16:51:08', 'Swing', 0);

-- --------------------------------------------------------

--
-- Table structure for table `ticker_targets`
--

CREATE TABLE `ticker_targets` (
  `ticker_type` varchar(255) NOT NULL DEFAULT 'Unknown',
  `target1` decimal(10,2) NOT NULL DEFAULT '0.00',
  `target2` decimal(10,2) NOT NULL DEFAULT '0.00',
  `target3` decimal(10,2) NOT NULL DEFAULT '0.00',
  `target4` decimal(10,2) NOT NULL DEFAULT '0.00',
  `created_by` varchar(255) NOT NULL DEFAULT 'Admin',
  `created_date` timestamp NULL DEFAULT CURRENT_TIMESTAMP,
  `updated_date` timestamp NULL DEFAULT CURRENT_TIMESTAMP ON UPDATE CURRENT_TIMESTAMP
) ENGINE=InnoDB DEFAULT CHARSET=utf8mb4 COLLATE=utf8mb4_0900_ai_ci;

--
-- Dumping data for table `ticker_targets`
--

INSERT INTO `ticker_targets` (`ticker_type`, `target1`, `target2`, `target3`, `target4`, `created_by`, `created_date`, `updated_date`) VALUES
('Investment', 7.00, 13.00, 18.00, 25.00, 'Admin', '2024-12-01 15:22:30', '2024-12-12 04:31:09'),
('Swing', 2.00, 3.00, 5.00, 7.00, 'Admin', '2024-12-01 15:22:30', '2024-12-12 04:31:09');

-- --------------------------------------------------------

--
-- Table structure for table `Users`
--

CREATE TABLE `Users` (
  `UserID` bigint NOT NULL,
  `UserName` varchar(255) DEFAULT NULL,
  `Email` varchar(255) DEFAULT NULL,
  `UserPassword` varchar(255) DEFAULT NULL,
  `UserRole` varchar(255) DEFAULT NULL,
  `user_status` varchar(10) DEFAULT 'Active',
  `creation_date` timestamp NULL DEFAULT CURRENT_TIMESTAMP,
  `expire_date` timestamp GENERATED ALWAYS AS ((`creation_date` + interval 6 month)) STORED NULL,
  `country_code` varchar(10) NOT NULL,
  `mobile_number` varchar(15) NOT NULL
) ENGINE=InnoDB DEFAULT CHARSET=utf8mb3;

--
-- Dumping data for table `Users`
--

INSERT INTO `Users` (`UserID`, `UserName`, `Email`, `UserPassword`, `UserRole`, `user_status`, `creation_date`, `country_code`, `mobile_number`) VALUES
(12, 'Vikram Malhotra', 'vikram@investinbulls.net', 'Ind!a1947', 'Admin', 'Active', '2024-10-06 18:42:52', '+1', '1234567890'),
(16, 'Harish', 'harish.ponnapureddy@gmail.com', 'pInvesting@2024', 'General', 'Active', '2024-10-09 18:43:39', '+1', '1234567890'),
(17, 'Paromita Chatterree', 'paromita2k4@gmail.com', 'Test#2024', 'Admin', 'Active', '2024-10-09 19:52:15', '+1', '1234567890'),
(18, 'siddharth.mullapudi@gmail.com', 'siddharth.mullapudi@gmail.com', 'Invest@123', 'General', 'Active', '2024-10-09 20:53:10', '+1', '1234567890'),
(19, 'Prasad SR', 'Prasadsr.4u@gmail.com', 'Inshaallah1$', 'General', 'Active', '2024-10-09 22:15:29', '+1', '1234567890'),
(20, 'Sheshacharya Tirumala ', 'tirumala.sheshu@gmail.com', 'Ishaan@07', 'General', 'Active', '2024-10-09 22:16:32', '+1', '1234567890'),
(21, 'Deepss', 'deepss1582@gmail.com', 'Shakthi@23', 'General', 'Active', '2024-10-10 03:29:10', '+1', '1234567890'),
(22, 'Kasim Mumtaz', 'kasim.mumtaz@gmail.com', 'Champa2024!', 'General', 'Active', '2024-10-10 04:05:01', '+1', '1234567890'),
(23, 'srinivas', 'Chennupati227@gmail.com', 'Harinya@8$', 'General', 'Active', '2024-10-10 04:08:57', '+1', '1234567890'),
(24, 'Krishna Muvva', 'krishna.muvva@gmail.com', 'Frisco2024$', 'General', 'Active', '2024-10-10 15:56:42', '+1', '1234567890'),
(25, 'Paromita Chat', 'chatterjee.paromita9@gmail.com', 'Test!ng2025', 'General', 'Active', '2024-10-10 16:56:56', '+1', '2144306791'),
(27, 'Srikanth K', 'srikanthkata1989@gmail.com', 'Ridhira@2023', 'General', 'Active', '2024-10-10 20:54:35', '+1', '7047337030'),
(28, 'Gopichand Gadde', 'ggopichand@gmail.com', 'Kirtana$789', 'General', 'Active', '2024-10-11 00:16:55', '+1', '7204123545'),
(30, 'Venkat Samala', 'svenkat.pega@gmail.com', 'Venky@575', 'General', 'Active', '2024-10-13 02:43:46', '+1', '9549038579'),
(31, 'Niranjan Aguru', 'ankishore@yahoo.com', 'Winter2024!', 'General', 'Active', '2024-10-14 12:30:15', '+1', '4044946572'),
(32, 'Raviteja Boyanapalli', 'raviteja.boyanapalli@yahoo.com', 'FreshPwd@9098', 'General', 'Active', '2024-10-14 17:01:28', '+1', '5174770345'),
(33, 'Sairam T', 'inform2sr@gmail.com', 'WCchec$5rufhy', 'General', 'Active', '2024-10-14 17:04:55', '+1', '9524289147'),
(34, 'Ram Siri', 'ram4nline@gmail.com', 'Pwd4Trading1@', 'General', 'Active', '2024-10-14 22:41:56', '+1', '7605834095'),
(35, 'Vikram Lakkireddy', 'lvreddy34@gmail.com', 'Invest@0614', 'General', 'Active', '2024-10-15 14:14:54', '+1', '3096215057'),
(36, 'Amita J', 'rohitaggie@gmail.com', 'PlayTennis@1980', 'General', 'Active', '2024-10-16 03:18:51', '+1', '8036409051'),
(37, 'Sridevi', 'sridevigattamneni@gmail.com', 'D!am0ndcreek', 'General', 'Active', '2024-10-17 12:37:47', '+1', '9083002020'),
(38, 'Ravi Rachappa', 'ravi.tradealgo@gmail.com', 'Ess@1069', 'General', 'Active', '2024-10-22 00:58:19', '+1', '4699255664'),
(39, 'Sonal D', 'duasonal21@gmail.com', 'Sonal060&', 'General', 'Active', '2024-10-28 17:00:49', '+1', '2107772248'),
(40, 'Radha Narne', 'rk.narne@gmail.com', 'Roseroad9$', 'General', 'Active', '2024-11-07 14:54:52', '+1', '0000000000'),
(41, 'Madhu', 'madhu2contact@gmail.com', 'London1$', 'General', 'Active', '2024-11-08 21:03:02', '+1', '7203618068'),
(42, 'Narayan', 'zsumu@yahoo.com', 'MyCanada$97', 'General', 'Active', '2024-11-08 21:03:11', '+1', '3308357794'),
(43, 'Hari Prasad Guntuku', 'hariprasad.guntuku@gmail.com', 'Baba@143!', 'General', 'Active', '2024-11-09 02:51:43', '+1', '4696055877'),
(44, 'Arshia madni', 'arshimadni@gmail.com', 'Arshimom@1234', 'General', 'Active', '2024-11-11 20:32:40', '+1', '7135949099'),
(45, 'Anil K', 'anilkonduru@gmail.com', 'arjSec29$', 'General', 'Active', '2024-11-20 02:25:56', '+1', '4045805487'),
(46, 'Harsha mocharla', 'mhv5678@gmail.com', 'Lucky@6490', 'General', 'Active', '2024-11-20 02:38:08', '+1', '3465279169'),
(47, 'Pavan Madiraju', 'pavanmksjce@gmail.com', 'Electronics1@', 'General', 'Active', '2024-11-20 15:58:50', '+1', '8178882506'),
(48, 'Laksh Kumar Arora ', 'laksh.kumararora12@gmail.com', 'Ilm@12345', 'General', 'Active', '2024-11-21 19:47:28', '+91', '9811885907'),
(49, 'Praveen Varaganti', 'varagpraveen@gmail.com', 'Hn27@gmail', 'General', 'Active', '2024-11-22 16:12:13', '+1', '2019120045'),
(50, 'Dinesh', 'dinesh129@gmail.com', 'Welcome@123', 'General', 'Active', '2024-11-22 19:44:43', '+1', '9044011729'),
(51, 'Umamahesh', 'umamahesh.gitam@gmail.com', 'Bu!!Inv@2024', 'General', 'Active', '2024-11-23 03:11:40', '+1', '9018264967'),
(52, 'Jayaramudu', 'dasarij7347@gmail.com', 'Dasari@07', 'General', 'Active', '2024-11-27 03:17:36', '+1', '9162966347'),
(53, 'Jyothi Yalkanki', 'jyothi.yellanki@gmail.com', 'Charvi@12', 'General', 'Active', '2024-12-08 16:13:22', '+1', '3025135007'),
(54, 'Revanth', 'revanth9395@gmail.com', 'Saibaba@47', 'General', 'Active', '2024-12-08 23:39:45', '+1', '2513773479'),
(55, 'Pratap palagani', 'spreddy.palagani@gmail.com', 'Srinivasa@21', 'General', 'Active', '2024-12-09 04:24:38', '+1', '6085638354'),
(56, 'Hanu n', 'Mail2hrao@gmail.com', 'Hanu@123', 'General', 'Active', '2024-12-12 06:49:03', '+1', '6828028865'),
(57, 'Vamsi kr', 'vamsirallabhandi@gmail.com', 'Prasvam9*ib', 'General', 'Active', '2024-12-19 05:02:39', '+1', '4256154602'),
(58, 'Pruthviraj Yerram', 'pruthviraj.yerram@gmail.com', 'Oracle@11i', 'General', 'Active', '2025-01-02 16:27:47', '+1', '5714716894'),
(59, 'Maruthi sankar chirala', 'maruthi.chirala@gmail.com', 'Invest@chi001', 'General', 'Active', '2025-01-04 16:32:36', '+1', '4694697710'),
(60, 'Veeranjaneyulu tokala', 'Veeranji.de@gmail.com', 'Grayhead@10657', 'General', 'Active', '2025-01-06 13:17:14', '+1', '6095980905'),
(61, 'Prasath', 'prasath123c@gmail.com', 'Geetha!234', 'General', 'Active', '2025-01-06 13:18:05', '+1', '2147134761'),
(62, 'Madhu', 'tmadhu07@gmail.com', 'Sun1Moon1!', 'General', 'Active', '2025-01-06 13:28:44', '+1', '4844310064'),
(63, 'Prasad Bachu', 'Bvr_prasad@yahoo.com', 'B@c36$un', 'General', 'Active', '2025-01-06 14:06:16', '+1', '5127600293'),
(64, 'Sarvepreet singh', 'sarvepreetsingh@yahoo.com', 'Sarvepreet7&', 'General', 'Active', '2025-01-06 14:11:24', '+1', '3478488330'),
(65, 'Mayadhar Panda', 'mayadhar.cet@gmail.com', 'Trading@521', 'General', 'Active', '2025-01-06 14:32:49', '+1', '8606905546'),
(66, 'Sheela vallabhannei ', 'sheelavallabhaneni@gmail.com', 'Sai1974$', 'General', 'Active', '2025-01-06 14:47:37', '+1', '5132897381'),
(67, 'Pavankumar Reddy', 'pavankumar4@gmail.com', '!SykwagZosciz1mamqi', 'General', 'Active', '2025-01-06 15:41:23', '+1', '9732167961'),
(68, 'Srinivas V', 'Srini_vk@yahoo.com', 'TradeAlerts123$', 'General', 'Active', '2025-01-06 15:44:45', '+1', '2144754334'),
(69, 'SYalamanchili', 'sateesh@outlook.com', 'AppleiPhone1$', 'General', 'Active', '2025-01-06 15:55:32', '+1', '9729831522'),
(70, 'Parth Desai', 'parthus19@gmail.com', 'Jinkal$1930', 'General', 'Active', '2025-01-07 18:40:22', '+1', '2014691913'),
(71, 'Latha Palakollu ', 'spalakjune@gmail.com', 'Abcd1234p@', 'General', 'Active', '2025-01-09 00:05:14', '+1', '4043307430'),
(73, 'Sinha', 'anurag.rajiv@gmail.com', 'Kites1001#', 'General', 'Active', '2025-01-14 20:46:15', '+1', '4695889107');

-- --------------------------------------------------------

--
-- Table structure for table `user_risk_apt`
--

CREATE TABLE `user_risk_apt` (
  `user_email` varchar(255) NOT NULL,
  `ticker_type` varchar(255) NOT NULL,
  `swing_capital` int DEFAULT '0',
  `swing_percent` float DEFAULT '0',
  `invest_capital` int DEFAULT '0',
  `invest_percent` float DEFAULT '0',
  `updated_time` timestamp NULL DEFAULT CURRENT_TIMESTAMP ON UPDATE CURRENT_TIMESTAMP
) ENGINE=InnoDB DEFAULT CHARSET=utf8mb4 COLLATE=utf8mb4_0900_ai_ci;

--
-- Dumping data for table `user_risk_apt`
--

INSERT INTO `user_risk_apt` (`user_email`, `ticker_type`, `swing_capital`, `swing_percent`, `invest_capital`, `invest_percent`, `updated_time`) VALUES
('chatterjee.paromita9@gmail.com', 'Swing', 35000, 0.5, 0, 0, '2024-12-02 22:06:20'),
('mhv5678@gmail.com', 'Swing', 0, 0, 0, 0, '2024-12-03 15:50:44'),
('rohitaggie@gmail.com', 'Swing', 0, 0, 0, 0, '2024-12-02 22:00:39'),
('Pavankumar4@gmail.com', 'Swing', 20000, 0, 0, 0, '2025-01-21 22:53:54');

--
-- Indexes for dumped tables
--

--
-- Indexes for table `Tickers`
--
ALTER TABLE `Tickers`
  ADD PRIMARY KEY (`TickerName`,`CreateDate`),
  ADD UNIQUE KEY `TickerID` (`TickerID`);

--
-- Indexes for table `Users`
--
ALTER TABLE `Users`
  ADD PRIMARY KEY (`UserID`),
  ADD UNIQUE KEY `Email` (`Email`);

--
-- AUTO_INCREMENT for dumped tables
--

--
-- AUTO_INCREMENT for table `Tickers`
--
ALTER TABLE `Tickers`
  MODIFY `TickerID` bigint NOT NULL AUTO_INCREMENT, AUTO_INCREMENT=307;

--
-- AUTO_INCREMENT for table `Users`
--
ALTER TABLE `Users`
  MODIFY `UserID` bigint NOT NULL AUTO_INCREMENT, AUTO_INCREMENT=74;
COMMIT;

/*!40101 SET CHARACTER_SET_CLIENT=@OLD_CHARACTER_SET_CLIENT */;
/*!40101 SET CHARACTER_SET_RESULTS=@OLD_CHARACTER_SET_RESULTS */;
/*!40101 SET COLLATION_CONNECTION=@OLD_COLLATION_CONNECTION */;
